q0,8,21210,8,32968,8,397,0,0,160564,1,20972,160564,78843674
q1020,3,952,4,1600,4,132,0,0,14181,1,774,14181,1558628
q1052,4,868,5,1517,5,172,0,0,12602,1,692,12602,2034568
q1084,3,1148,4,2164,4,109,0,0,22723,1,989,22723,4141437
q1116,5,2917,6,4747,6,206,0,0,28378,1,2746,28378,7508340
q1148,9,1524,14,3365,14,429,18,3694,11995,1,1241,11995,5711119
q1180,5,1023,7,2903,7,210,8,1513,10481,1,798,10481,3852399
q1212,6,5914,7,7901,7,215,0,0,32100,1,5736,32100,11237509
q1244,7,1819,12,26414,14,518,152,32444,36890,3,3876,36890,14914230
q1276,6,3403,6,5217,6,200,0,0,31822,1,3219,31822,10971815
q128,7,33647,13,202936,13,340,32,6559,1222015,1,33377,1222015,397625424
q1308,7,1361,11,17336,12,372,109,23885,22725,2,2441,22725,9188461
q1340,5,1297,10,21576,13,404,182,38718,38907,4,2381,38907,11332760
q1372,10,11176,12,21312,12,452,4,841,76500,1,10925,76500,44380190
q1404,10,2050,12,4337,12,470,4,840,15980,1,1811,15980,9161841
q1436,5,892,5,1621,5,138,0,0,12862,1,726,12862,3706533
q1468,7,705,16,14298,24,1024,318,69713,22197,7,2167,22191,8962095
q1500,7,1502,12,13222,19,543,255,56526,21343,4,1607,21343,8605452
q1532,7,2824,11,23086,12,319,89,19284,40540,2,3552,40540,16345297
q1564,5,914,9,10397,11,341,137,29322,17729,3,1266,17729,5149495
q1596,6,3784,10,23144,11,302,96,21103,30386,2,4133,30386,10665981
q160,7,64041,13,223384,13,323,35,7216,1168032,1,63773,1168032,377104249
q1628,7,2114,11,19538,12,380,119,25602,22675,2,3082,22675,9187066
q1660,6,1059,10,9923,11,340,110,24349,19597,2,1540,19597,6811276
q1692,6,8853,7,10777,7,221,0,0,31970,1,8673,31970,11157039
q1724,7,2367,10,14760,10,288,52,11161,39857,1,2097,39857,16059322
q1756,5,3714,5,4626,5,147,0,0,16151,1,3544,16151,4673429
q1788,5,899,10,2258,10,216,136,32963,11974,1,579,11974,3437798
q1820,5,1391,6,2123,6,166,0,0,11394,1,1219,11394,4691977
q1852,5,2864,6,3656,6,197,0,0,11394,1,2682,11394,4691977
q1884,5,2894,7,26494,8,326,54,10063,34281,2,3383,34281,14695142
q1916,5,3296,6,4047,6,218,0,0,11394,1,3095,11394,4691977
q192,12,150145,12,174084,12,581,0,0,270136,1,149906,270136,241283462
q1948,8,1582,9,2499,9,363,0,0,12486,1,1385,12486,3751695
q1961,5,343,6,495,6,232,0,0,2134,1,174,2134,535335
q1993,2,361,3,629,3,91,0,0,6189,1,220,6189,774590
q2025,3,287,4,443,4,113,0,0,2533,1,140,2533,694698
q2057,10,4376,11,5129,11,641,0,0,8482,1,4145,8482,6417484
q2089,3,269,4,395,4,145,0,0,1908,1,109,1908,507459
q2121,2,367,3,634,3,99,0,0,6189,1,218,6189,774590
q2153,12,4001,13,4250,13,682,0,0,2507,1,3769,2507,1401748
q2185,2,358,3,626,3,96,0,0,6189,1,214,6189,774590
q2217,2,369,3,598,3,95,0,0,5675,1,224,5675,515396
q2249,8,468,11,714,11,345,8,1656,2105,1,238,2105,576366
q224,12,74731,12,91344,12,801,0,0,174116,1,74474,174116,170672306
q2281,3,312,5,676,5,119,9,1608,2055,1,118,2055,536500
q2313,3,303,4,447,4,127,0,0,2472,1,146,2472,376847
q2345,2,307,3,490,3,99,0,0,4205,1,159,4205,526311
q2377,3,296,5,565,5,113,7,1399,2097,1,108,2097,364885
q2409,3,251,4,368,4,127,0,0,1897,1,103,1897,507986
q2441,3,221,4,284,4,126,0,0,1126,1,67,1126,123749
q2473,2,398,3,658,3,92,0,0,6189,1,257,6189,774590
q2505,10,2073,11,2550,11,486,0,0,4903,1,1856,4903,3643648
q2537,2,239,3,351,3,97,0,0,2355,1,100,2355,213642
q2569,3,552,5,859,5,107,4,839,5224,1,382,5224,777873
q256,8,130825,8,155754,8,340,0,0,391715,1,130612,391715,174969353
q2601,5,554,6,776,6,213,0,0,3388,1,369,3388,850089
q2633,10,2822,11,3529,11,540,0,0,7414,1,2593,7414,5862396
q2665,3,304,4,463,4,113,0,0,2722,1,154,2722,710959
q2697,5,877,6,1093,6,218,0,0,3388,1,700,3388,850089
q2729,4,363,5,504,5,177,0,0,2346,1,199,2346,390684
q2761,2,397,3,659,3,93,0,0,6189,1,250,6189,774590
q2793,11,1218,12,1567,12,637,0,0,3266,1,1012,3266,1984318
q2825,5,397,6,553,6,225,0,0,2372,1,215,2372,595571
q2857,10,2291,11,2776,11,474,0,0,5052,1,2068,5052,3561803
q2889,3,269,4,392,4,121,0,0,1901,1,121,1901,497789
q288,8,37962,8,45474,8,302,0,0,114770,1,37759,114770,51309583
q2921,2,470,3,745,3,100,0,0,6189,1,317,6189,774590
q2953,6,426,8,723,8,230,11,2156,1119,1,200,1119,434111
q2985,3,310,4,422,4,137,0,0,1766,1,148,1766,472608
q3017,3,316,4,446,4,124,0,0,2079,1,164,2079,549867
q3049,2,584,3,978,3,83,0,0,9321,1,439,9321,1184945
q3081,4,331,5,422,5,158,0,0,1400,1,163,1400,232087
q3113,4,467,5,706,5,181,0,0,3342,1,294,3342,1045977
q3145,4,532,5,770,5,179,0,0,4193,1,358,4193,676763
q3177,11,744,12,903,12,687,0,0,1245,1,529,1245,754648
q3209,3,295,5,501,5,127,7,1283,1390,1,101,1390,369055
q320,10,127942,12,169416,12,477,4,839,287712,1,127681,287712,165762255
q3241,7,213,14,283,14,280,78,15088,1075,0,0,0,0
q3273,2,328,3,511,3,118,0,0,3940,1,138,3940,511064
q32,12,98286,12,116686,12,1103,0,0,198404,1,97904,198404,167337870
q3305,1,111,2,476,19,271,1765,353710,1711,0,0,0,0
q3337,4,433,6,952,6,149,10,1978,2211,1,241,2211,723038
q3369,1,119,2,489,18,271,1700,338932,1649,0,0,0,0
q3401,4,317,6,551,6,168,9,1791,1153,1,104,1153,354325
q3433,2,310,3,492,3,99,0,0,3839,1,159,3839,497936
q3453,4,200,5,223,5,160,0,0,223,1,36,223,68883
q3485,5,282,6,367,6,224,0,0,904,1,113,904,273430
q3517,4,212,5,247,5,179,0,0,392,1,45,392,128673
q352,8,188024,9,222445,9,425,0,0,554147,1,187825,554147,173040397
q3549,3,172,4,189,4,127,0,0,167,1,16,167,30055
q3581,2,155,3,174,3,92,0,0,180,1,18,180,23124
q3613,11,527,12,573,12,627,0,0,309,1,321,309,190271
q3645,8,265,9,293,9,364,0,0,198,1,91,198,123070
q3677,5,223,6,247,6,209,0,0,202,1,61,202,68960
q3709,3,169,4,193,4,118,0,0,205,1,21,205,28953
q3741,4,203,5,238,5,160,0,0,378,1,42,378,118722
q3773,3,204,4,244,4,138,0,0,607,1,50,607,89649
q3805,8,257,9,276,9,455,0,0,118,1,74,118,70583
q3837,4,192,5,209,5,150,0,0,201,1,36,201,32492
q384,10,220304,12,290664,12,478,4,841,521928,1,220061,521928,299540190
q3869,2,170,3,191,3,105,0,0,180,1,21,180,23124
q3901,4,279,5,332,5,203,0,0,495,1,68,495,82856
q3933,5,266,6,309,6,205,0,0,417,1,104,417,141667
q3965,3,235,4,271,4,163,0,0,330,1,33,330,59402
q3997,8,301,9,339,9,445,0,0,350,1,114,350,142775
q4029,6,302,7,354,7,393,0,0,498,1,76,498,156889
q4061,3,185,4,210,4,133,0,0,263,1,27,263,59576
q4093,2,172,3,201,3,100,0,0,261,1,22,261,52869
q4125,5,225,6,262,6,208,0,0,374,1,60,374,116196
q4157,8,365,9,429,9,497,0,0,397,1,116,397,161403
q416,10,208000,12,278169,12,449,4,841,521928,1,207750,521928,299540190
q4189,8,307,9,357,9,351,0,0,383,1,125,383,233478
q4221,5,219,6,262,6,202,0,0,374,1,60,374,116196
q4253,6,264,7,321,7,306,0,0,636,1,89,636,200201
q4285,2,197,3,273,3,106,0,0,967,1,48,967,198027
q4317,3,195,4,237,4,131,0,0,607,1,44,607,89649
q4349,6,251,7,302,7,251,0,0,526,1,81,526,169650
q4381,10,800,11,830,11,716,0,0,245,1,593,245,87851
q4413,7,206,8,226,8,289,0,0,150,1,45,150,40074
q4445,7,221,8,248,8,291,0,0,173,1,50,173,46348
q4477,3,181,4,205,4,123,0,0,205,1,22,205,28953
q448,5,23082,6,30077,6,184,0,0,128887,1,22895,128887,60595038
q4509,10,1073,11,1116,11,500,0,0,414,1,876,414,148351
q4541,4,176,5,198,5,142,0,0,216,1,24,216,34945
q4573,3,169,4,182,4,128,0,0,129,1,15,129,23197
q4605,5,216,6,253,6,219,0,0,374,1,56,374,116196
q4637,6,227,7,241,7,319,0,0,117,1,56,117,29442
q4669,4,195,5,216,5,225,0,0,216,1,24,216,61422
q4701,8,294,9,346,9,412,0,0,467,1,110,467,183836
q4733,3,171,4,183,4,137,0,0,126,1,18,126,18722
q4765,3,168,4,180,4,124,0,0,126,1,16,126,18722
q4797,3,163,4,176,4,124,0,0,126,1,15,126,18722
q480,4,65142,4,83667,4,113,0,0,454865,1,64966,454865,108958243
q4829,3,167,4,180,4,125,0,0,126,1,21,126,18722
q4861,3,166,4,181,4,126,0,0,126,1,16,126,18722
q4893,3,157,4,175,4,121,0,0,126,1,15,126,18722
q4925,3,165,4,177,4,129,0,0,126,1,14,126,18722
q4945,3,165,4,166,4,131,0,0,9,1,12,9,1331
q4977,10,290,10,298,10,451,0,0,45,1,111,45,29329
q5009,7,257,9,259,9,232,35,6815,19,1,35,19,5782
q5041,8,219,8,226,8,304,0,0,49,1,48,49,20916
q5073,10,498,11,503,11,496,0,0,27,1,315,27,11446
q5105,2,182,5,184,5,103,80,17765,24,0,0,0,0
q512,4,5368,7,120802,260,12631,25927,4678421,159186,2,8451,132990,31765642
q5137,6,185,7,187,7,257,0,0,7,1,18,7,1469
q5169,4,181,8,181,8,145,25,5316,1,0,0,0,0
q5201,6,196,7,198,7,302,0,0,15,1,14,15,3139
q5233,7,205,8,210,8,281,0,0,34,1,34,34,17338
q5265,7,246,8,249,8,318,0,0,24,1,50,24,6142
q5297,4,177,5,189,5,165,0,0,94,1,15,94,18916
q5329,4,209,5,210,5,149,0,0,3,1,49,3,441
q5361,7,262,10,269,10,268,24,4554,32,1,40,32,18474
q5393,9,245,10,255,10,442,0,0,47,1,61,47,24531
q540,3,746,4,1754,4,129,0,0,15373,1,587,15373,2814030
q5425,5,180,6,181,6,210,0,0,3,1,13,3,1267
q5457,2,185,4,188,4,107,66,13528,30,0,0,0,0
q5489,5,184,6,186,6,230,0,0,22,1,17,22,7346
q5521,5,171,6,172,6,210,0,0,1,1,12,1,305
q5553,3,149,4,151,4,111,0,0,21,1,9,21,5497
q5585,10,415,11,417,11,507,0,0,12,1,230,12,5136
q5617,4,200,5,201,5,158,0,0,3,1,46,3,441
q5649,4,200,5,201,5,140,0,0,1,1,42,1,146
q5681,6,183,7,185,7,272,0,0,11,1,18,11,2300
q5713,4,194,5,195,5,140,0,0,3,1,44,3,441
q572,3,1152,4,2115,4,109,0,0,23274,1,990,23274,4242214
q5745,5,179,6,180,6,205,0,0,3,1,11,3,1219
q5777,8,222,8,226,8,294,0,0,34,1,51,34,13648
q5809,5,174,6,178,6,197,0,0,36,1,18,36,9246
q5841,5,179,6,180,6,236,0,0,7,1,12,7,2395
q5873,5,174,6,176,6,223,0,0,29,1,18,29,7452
q5905,4,171,5,182,5,158,0,0,94,1,15,94,18916
q5937,5,165,6,170,6,190,0,0,35,1,18,35,9004
q5969,7,307,10,356,10,273,25,4818,234,1,85,234,108146
q6001,10,1264,11,1266,11,491,0,0,16,1,1077,16,5772
q6033,1,104,2,106,2,64,4,769,1,0,0,0,0
q604,10,4598,12,6835,12,482,4,842,17982,1,4356,17982,7197139
q6065,5,179,6,185,6,190,0,0,45,1,21,45,17233
q6097,4,173,8,173,8,135,26,5668,4,0,0,0,0
q6129,9,335,10,343,10,593,0,0,69,1,136,69,21072
q6161,7,222,8,236,8,346,0,0,92,1,49,92,24574
q6193,8,226,9,227,9,406,0,0,10,1,45,10,4537
q6225,1,98,2,104,2,62,4,846,1,0,0,0,0
q6257,1,97,2,106,2,61,4,920,1,0,0,0,0
q6289,1,115,2,118,2,73,4,844,1,0,0,0,0
q6321,1,100,2,102,2,61,4,846,1,0,0,0,0
q6353,1,98,2,101,2,59,4,846,1,0,0,0,0
q636,5,2863,6,4606,6,203,0,0,28378,1,2699,28378,7508340
q6385,1,98,2,102,2,61,4,802,1,0,0,0,0
q6417,1,104,2,106,2,63,4,802,1,0,0,0,0
q64,8,57367,8,75294,8,318,0,0,264907,1,57165,264907,138705641
q668,5,2173,6,3786,6,241,0,0,28378,1,1998,28378,7508340
q700,8,11640,9,15392,9,420,0,0,62206,1,11451,62206,19437052
q732,4,845,5,1463,5,199,0,0,12602,1,676,12602,2034568
q764,3,733,4,1447,4,117,0,0,16084,1,582,16084,2942623
q796,2,980,3,1785,3,89,0,0,22370,1,838,22370,2816897
q828,3,713,4,1386,4,109,0,0,15373,1,565,15373,2814030
q860,10,8684,12,13203,12,437,4,841,34776,1,8453,34776,20090540
q892,2,391,3,797,3,82,0,0,10019,1,254,10019,1273992
q924,2,533,3,1129,3,82,0,0,15499,1,389,15499,1970708
q956,3,683,5,1435,5,106,4,839,14024,1,505,14024,2088317
q96,7,29424,8,38518,8,319,0,0,157962,1,29234,157962,60065368
q988,3,976,4,1916,4,107,0,0,23127,1,819,23127,4215268
q1021,2,963,3,1780,3,108,0,0,22370,1,806,22370,2816897
q1053,3,1025,4,1731,4,116,0,0,16141,1,875,16141,2954418
q1085,2,736,3,1228,3,88,0,0,11735,1,594,11735,1468634
q1117,3,1512,4,2593,4,113,0,0,24535,1,1364,24535,4491542
q1149,3,1107,4,1887,4,119,0,0,16084,1,943,16084,2942623
q1181,2,1044,3,1873,3,100,0,0,22370,1,888,22370,2816897
q1213,6,2539,6,3345,6,189,0,0,11755,1,2370,11755,4073054
q1245,5,1105,9,17946,11,269,112,23657,26060,2,2111,26060,7617416
q1277,5,1199,10,30019,13,419,199,41567,55431,4,4052,55431,16147898
q129,10,42135,12,56505,12,421,4,841,123513,1,41917,123513,49330261
q1309,6,1085,13,2638,13,333,162,39015,10148,1,765,10148,3498966
q1341,5,4409,5,5761,5,142,0,0,26745,1,4240,26745,7715699
q1373,6,1256,10,21288,12,358,127,27028,35697,3,3713,35697,12464273
q1405,5,1981,5,3188,5,141,0,0,23145,1,1818,23145,6702292
q1437,7,2078,12,26159,14,453,175,37607,35982,3,6564,35982,14547536
q1469,7,6465,8,8345,8,289,0,0,28516,1,6279,28516,11552493
q1501,7,610,15,9915,18,725,248,55331,16151,4,1982,16151,6535256
q1533,6,3793,13,8536,13,285,160,38462,33111,1,3479,33111,11390930
q1565,7,1661,10,11335,15,358,122,26283,15746,3,1550,15746,6364592
q1597,7,1816,12,10868,13,372,121,27007,19942,2,2101,19942,8034646
q161,12,82835,12,100428,12,637,0,0,198404,1,82592,198404,167337870
q1629,10,1632,12,3193,12,433,4,842,11152,1,1402,11152,6622860
q1661,6,3959,6,5126,6,181,0,0,19732,1,3790,19732,6816840
q1693,6,561,13,6463,15,559,232,52046,10744,3,1016,10744,3753289
q1725,7,2404,11,20175,12,344,106,23639,34555,2,2656,34555,13945493
q1757,6,6770,6,8445,6,176,0,0,29802,1,6604,29802,10256210
q1789,6,1238,6,1930,6,194,0,0,11078,1,1063,11078,3807654
q1821,1,104,2,9740,588,6138,60390,11233072,58629,0,0,0,0
q1853,5,8833,6,11437,6,172,0,0,43594,1,8648,43594,21062856
q1885,5,6174,6,8721,6,162,0,0,43594,1,6004,43594,21062856
q1917,5,1042,6,1716,6,162,0,0,11394,1,876,11394,4691977
q193,12,79170,12,93903,12,613,0,0,174116,1,78936,174116,170672306
q1949,8,1559,9,2401,9,339,0,0,12486,1,1374,12486,3751695
q1962,4,444,5,665,5,168,0,0,4193,1,290,4193,676763
q1994,5,945,7,2375,7,200,7,1339,9208,1,729,9208,3417190
q1,8,22568,8,36305,8,311,0,0,211989,1,22361,211989,98698257
q2026,8,428,11,675,11,309,8,1658,2105,1,217,2105,576366
q2058,5,293,8,403,8,177,8,1658,1380,1,98,1380,295210
q2090,2,313,3,491,3,94,0,0,4205,1,167,4205,526311
q2122,2,288,3,475,3,92,0,0,4205,1,149,4205,526311
q2154,3,269,5,468,5,110,7,1285,1387,1,101,1387,368313
q2186,2,492,3,874,3,89,0,0,9909,1,348,9909,1259807
q2218,2,400,3,697,3,95,0,0,7456,1,260,7456,938860
q2250,8,339,11,479,11,344,8,1658,1088,1,131,1088,297880
q225,8,72792,8,88444,8,269,0,0,253197,1,72609,253197,124610878
q2282,10,2051,11,2420,11,548,0,0,3690,1,1825,3690,2950678
q2314,2,249,3,358,3,95,0,0,2355,1,106,2355,213642
q2346,10,4352,11,5194,11,577,0,0,9668,1,4112,9668,7895491
q2378,3,279,5,393,5,105,4,838,1799,1,122,1799,269696
q2410,12,4387,13,4526,13,613,0,0,1366,1,4176,1366,784095
q2442,2,297,3,485,3,97,0,0,4205,1,146,4205,526311
q2474,2,229,3,345,3,94,0,0,2355,1,89,2355,213642
q2506,5,219,9,5556,86,2779,7983,1383751,7721,0,0,0,0
q2538,8,399,11,554,11,340,8,1655,1298,1,192,1298,354077
q2570,5,349,6,469,6,204,0,0,1905,1,183,1905,478151
q257,12,50978,12,74025,12,575,0,0,270136,1,50747,270136,241283462
q2602,3,315,4,493,4,136,0,0,2922,1,164,2922,773491
q2634,7,815,8,1175,8,348,0,0,4514,1,617,4514,2039690
q2666,5,512,6,681,6,199,0,0,2587,1,328,2587,649378
q2698,3,302,5,774,5,133,21,3979,1201,1,83,1201,210384
q2730,5,718,8,1242,8,171,8,1658,6993,1,511,6993,1495936
q2762,2,384,3,626,3,101,0,0,5587,1,240,5587,507215
q2794,3,576,4,918,4,139,0,0,7234,1,408,7234,1324212
q2826,5,352,6,494,6,240,0,0,1905,1,173,1905,478151
q2858,5,1071,6,1702,6,212,0,0,9373,1,909,9373,2478821
q2890,8,399,11,586,11,322,8,1656,1452,1,192,1452,397539
q289,8,53260,8,78130,8,318,0,0,391715,1,53062,391715,174969353
q2922,2,551,3,864,3,101,0,0,7456,1,405,7456,938860
q2954,3,344,4,477,4,125,0,0,2494,1,194,2494,380231
q2986,2,370,3,551,3,95,0,0,4205,1,221,4205,526311
q3018,4,405,5,562,5,161,0,0,2237,1,249,2237,699292
q3050,3,437,5,657,5,109,4,841,3561,1,268,3561,530229
q3082,4,432,5,569,5,152,0,0,2346,1,268,2346,390684
q3114,12,3017,13,3165,13,664,0,0,1404,1,2804,1404,814971
q3146,8,1163,11,1798,11,326,8,1655,5678,1,959,5678,1548947
q3178,2,506,3,910,3,87,0,0,9321,1,354,9321,1184945
q3210,2,499,3,834,3,90,0,0,8742,1,366,8742,793262
q321,8,36560,8,52081,8,306,0,0,259761,1,36347,259761,117011545
q3242,7,216,14,279,14,275,60,11997,1080,0,0,0,0
q3274,2,214,3,313,3,93,0,0,1865,1,80,1865,241949
q3306,2,355,3,527,3,99,0,0,3869,1,206,3869,501824
q3338,2,348,3,526,3,95,0,0,3972,1,209,3972,515219
q3370,1,109,2,638,27,364,2664,533775,2586,0,0,0,0
q33,7,41041,13,255581,13,313,38,7813,1512853,1,40751,1512853,486263867
q3402,1,105,2,451,18,243,1681,336849,1630,0,0,0,0
q3434,2,298,3,479,3,86,0,0,3930,1,164,3930,509815
q3454,6,294,7,359,7,277,0,0,707,1,118,707,223863
q3486,4,206,5,245,5,169,0,0,485,1,48,485,97657
q3518,4,205,5,236,5,153,0,0,331,1,51,331,94168
q353,8,183734,8,214730,8,373,0,0,517570,1,183512,517570,243024776
q3550,7,381,10,498,11,326,49,9353,405,2,143,405,207197
q3582,11,588,12,650,12,666,0,0,582,1,383,582,355056
q3614,6,224,7,243,7,287,0,0,150,1,49,150,50218
q3646,12,4615,13,4652,13,949,0,0,278,1,4390,278,163896
q3678,9,342,10,360,10,427,0,0,111,1,165,111,33837
q3710,4,170,5,187,5,154,0,0,153,1,26,153,44193
q3742,7,224,8,244,8,322,0,0,173,1,59,173,46348
q3774,3,156,4,173,4,121,0,0,132,1,16,132,33029
q3806,3,183,4,215,4,125,0,0,398,1,34,398,58762
q3838,4,239,5,289,5,166,0,0,658,1,82,658,187012
q385,10,68422,12,88782,12,448,4,841,162162,1,68178,162162,93545574
q3870,4,318,11,473,14,399,411,83328,159,0,0,0,0
q3902,5,290,6,359,6,205,0,0,904,1,133,904,273430
q3934,6,226,7,239,7,242,0,0,117,1,66,117,29442
q3966,6,410,8,687,8,234,15,2915,859,1,182,859,339747
q3998,8,271,9,291,9,381,0,0,124,1,100,124,77511
q4030,3,214,4,272,4,126,0,0,998,1,70,998,109694
q4062,3,178,4,198,4,129,0,0,167,1,31,167,30055
q4094,2,164,3,183,3,105,0,0,148,1,18,148,19199
q4126,11,572,12,638,12,606,0,0,582,1,369,582,355056
q4158,6,362,8,610,8,242,14,2735,844,1,134,844,320497
q417,10,238698,12,300002,12,469,4,841,487620,1,238450,487950,280203404
q4190,5,235,6,282,6,276,0,0,374,1,59,374,116196
q4222,3,164,4,192,4,119,0,0,277,1,23,277,61927
q4254,5,201,6,222,6,221,0,0,178,1,32,178,60163
q4286,5,243,6,313,6,206,0,0,904,1,92,904,273430
q4318,8,284,9,328,9,408,0,0,423,1,103,423,168042
q4350,4,199,5,227,5,161,0,0,331,1,41,331,94168
q4382,2,160,3,221,3,91,0,0,732,1,31,732,153555
q4414,12,3667,13,3737,13,665,0,0,621,1,3447,621,328928
q4446,3,183,4,210,4,135,0,0,285,1,27,285,62965
q4478,3,178,4,203,4,128,0,0,243,1,24,243,69323
q449,5,24583,6,32176,6,174,0,0,128887,1,24398,128887,60595038
q4510,11,614,12,682,12,578,0,0,594,1,404,594,365468
q4542,5,218,6,244,6,202,0,0,258,1,67,258,79602
q4574,7,227,8,251,8,300,0,0,245,1,67,245,65601
q4606,3,173,4,190,4,128,0,0,157,1,21,157,17416
q4638,6,292,7,368,7,296,0,0,864,1,125,864,271783
q4670,4,216,5,261,5,153,0,0,555,1,54,555,182978
q4702,4,189,5,209,5,175,0,0,218,1,30,218,35139
q4734,3,169,4,182,4,124,0,0,126,1,26,126,18722
q4766,3,168,4,181,4,125,0,0,126,1,20,126,18722
q4798,3,168,4,181,4,138,0,0,126,1,20,126,18722
q481,4,40408,4,50223,4,112,0,0,234459,1,40240,234459,56187550
q4830,3,164,4,178,4,129,0,0,126,1,15,126,18722
q4862,7,204,14,224,14,281,70,13759,164,0,0,0,0
q4894,3,161,4,175,4,125,0,0,126,1,17,126,18722
q4926,7,208,14,234,14,271,60,11896,145,0,0,0,0
q4946,8,239,9,241,9,390,0,0,20,1,67,20,10024
q4978,5,174,6,176,6,191,0,0,17,1,16,17,5700
q5010,3,182,4,183,4,180,0,0,10,1,10,10,1490
q5042,7,247,8,256,8,346,0,0,56,1,74,56,14256
q5074,3,198,7,199,7,135,71,16235,3,0,0,0,0
q5106,1,98,2,101,2,63,4,804,1,0,0,0,0
q5138,1,96,2,98,2,58,4,804,1,0,0,0,0
q513,4,145996,4,181326,4,135,0,0,805522,1,145818,805522,192936621
q5170,5,180,6,182,6,232,0,0,26,1,17,26,5716
q5202,2,124,4,125,4,77,8,1647,1,0,0,0,0
q5234,3,195,6,197,6,127,69,14210,17,0,0,0,0
q5266,5,168,6,169,6,231,0,0,3,1,12,3,1116
q5298,2,145,3,149,3,97,0,0,54,1,9,54,6929
q5330,5,169,6,170,6,201,0,0,2,1,11,2,756
q5362,3,161,4,170,4,126,0,0,42,1,14,42,6200
q5394,5,187,10,188,10,169,21,4530,2,0,0,0,0
q541,5,2873,6,4527,6,239,0,0,28378,1,2704,28378,7508340
q5426,8,220,9,227,9,433,0,0,52,1,43,52,23287
q5458,4,195,5,197,5,141,0,0,29,1,52,29,5149
q5490,3,157,4,158,4,132,0,0,11,1,11,11,1638
q5522,3,155,6,155,6,114,13,2786,1,0,0,0,0
q5554,3,159,4,161,4,127,0,0,21,1,9,21,3224
q5586,8,222,8,227,8,287,0,0,39,1,47,39,20392
q5618,5,169,6,170,6,215,0,0,3,1,12,3,1443
q5650,4,205,6,220,6,141,7,1280,79,1,25,79,22817
q5682,8,229,9,230,9,390,0,0,7,1,47,7,3377
q5714,4,167,5,177,5,163,0,0,85,1,19,85,29873
q573,5,1038,7,2322,7,184,6,1166,10114,1,830,10114,3718647
q5746,8,212,9,219,9,395,0,0,52,1,34,52,23287
q5778,5,168,6,169,6,221,0,0,7,1,11,7,2449
q5810,5,166,6,167,6,205,0,0,7,1,13,7,2425
q5842,2,187,4,216,5,130,107,21885,49,0,0,0,0
q5874,5,165,6,171,6,184,0,0,33,1,17,33,14195
q5906,3,174,7,175,7,126,48,10996,2,0,0,0,0
q5938,5,178,6,179,6,231,0,0,5,1,19,5,1183
q5970,6,175,7,176,7,238,0,0,5,1,18,5,1037
q6002,5,177,6,178,6,221,0,0,11,1,12,11,3186
q6034,8,225,9,226,9,356,0,0,5,1,55,5,2389
q605,3,957,5,1736,5,104,4,841,14024,1,780,14024,2088317
q6066,3,149,4,155,4,121,0,0,22,1,10,22,5846
q6098,5,174,6,175,6,217,0,0,1,1,11,1,319
q6130,7,234,8,240,8,320,0,0,45,1,58,45,11524
q6162,4,199,5,200,5,143,0,0,3,1,54,3,441
q6194,8,205,9,212,9,381,0,0,52,1,36,52,23287
q6226,1,99,2,105,2,59,4,846,1,0,0,0,0
q6258,1,113,2,115,2,73,4,802,1,0,0,0,0
q6290,1,99,2,102,2,58,4,842,1,0,0,0,0
q6322,1,95,2,99,2,59,4,806,1,0,0,0,0
q6354,1,108,2,110,2,61,5,1030,2,0,0,0,0
q637,3,1244,4,2180,4,109,0,0,22571,1,1088,22571,4113950
q6386,1,100,2,102,2,58,4,802,1,0,0,0,0
q6418,3,160,4,168,4,123,0,0,39,1,11,39,5799
q65,12,122374,12,142607,12,594,0,0,243150,1,122129,243150,225070349
q669,5,2906,6,4454,6,234,0,0,28378,1,2737,28378,7508340
q701,2,502,3,886,3,84,0,0,10019,1,363,10019,1273992
q733,5,3999,6,5574,6,260,0,0,28378,1,3838,28378,7508340
q765,3,1523,4,2421,4,114,0,0,22817,1,1358,22817,4159505
q797,4,1260,5,1861,5,169,0,0,12602,1,1110,12602,2034568
q829,8,22333,9,26171,9,450,0,0,62206,1,22144,62206,19437052
q861,5,3165,6,4768,6,202,0,0,28378,1,3012,28378,7508340
q893,3,1967,4,3391,4,105,0,0,36665,1,1805,36665,6683208
q925,3,2012,4,2723,4,117,0,0,16188,1,1861,16188,2961080
q957,5,2940,6,4622,6,223,0,0,28378,1,2785,28378,7508340
q97,12,101046,12,121412,12,670,0,0,243150,1,100798,243150,225070349
q989,3,988,4,1669,4,116,0,0,16259,1,838,16259,2974329
q1022,12,29516,12,35831,12,530,0,0,64424,1,29283,64424,62901772
q1054,3,2154,4,3090,4,119,0,0,22723,1,1982,22723,4141437
q1086,5,2682,6,4287,6,223,0,0,28378,1,2523,28378,7508340
q1118,12,24979,12,30740,12,621,0,0,64424,1,24733,64424,62901772
q1150,4,1027,5,1642,5,176,0,0,12602,1,865,12602,2034568
q1182,2,1118,3,1929,3,91,0,0,22370,1,976,22370,2816897
q1214,8,489,12,8311,20,797,218,46054,10793,5,2021,10793,4952532
q1246,5,1321,9,11600,40,1199,2885,593695,18329,1,1026,15772,4586999
q1278,5,3248,5,3962,5,139,0,0,13674,1,3088,13674,3972979
q130,12,176575,12,210728,12,619,0,0,391106,1,176333,391106,435973694
q1310,5,1341,10,19358,38,1028,2468,514946,28057,2,1654,25949,7564599
q1342,10,21369,12,29830,12,421,4,837,66305,1,21133,66305,37281652
q1374,5,1386,5,2391,5,142,0,0,19149,1,1223,19149,5557634
q1406,6,665,10,20508,13,372,162,34172,28086,3,4156,28086,9827679
q1438,6,1144,11,22721,13,358,152,32874,35392,3,3301,35392,12361974
q1470,5,3910,6,5207,6,172,0,0,25306,1,3748,25306,7377752
q1502,6,1218,11,7494,16,374,179,39935,10745,3,1041,10745,3768272
q1534,5,2323,5,3426,5,167,0,0,21850,1,2154,21850,6303380
q1566,6,1883,13,6352,13,309,160,38462,33111,1,1553,33111,11390930
q1598,6,2923,6,4679,6,183,0,0,31570,1,2754,31570,10903158
q162,8,20190,8,30186,8,334,0,0,160564,1,19961,160564,78843674
q1630,6,1140,10,21420,12,398,145,30899,36796,3,3148,36796,12843387
q1662,5,2126,5,3508,5,153,0,0,27376,1,1962,27376,7903044
q1694,7,2060,11,19666,12,361,124,27002,26604,2,2547,26604,10762480
q1726,6,2298,11,27163,19,545,325,71389,37967,5,3970,37967,13283058
q1758,6,1969,10,25720,11,314,103,21544,40507,2,2695,40507,14151760
q1790,7,614,15,12989,17,856,261,57862,22548,4,2611,22548,9118122
q1822,1,116,2,5547,313,3369,32109,5972429,31173,0,0,0,0
q1854,5,3536,6,5948,6,197,0,0,43594,1,3350,43594,21062856
q1886,5,4689,6,6682,6,210,0,0,34281,1,4506,34281,14695141
q1918,5,1007,6,1715,6,180,0,0,11394,1,829,11394,4691977
q194,12,46539,12,68625,12,603,0,0,270136,1,46296,270136,241283462
q1950,8,2188,9,3032,9,348,0,0,12486,1,1999,12486,3751695
q1963,3,321,5,862,5,159,25,4718,1199,1,87,1199,210018
q1995,10,4760,11,5618,11,536,0,0,9668,1,4522,9668,7895491
q2027,3,234,5,357,5,104,6,1112,1022,1,69,1022,268445
q2059,3,325,4,508,4,115,0,0,3232,1,179,3232,865066
q2091,12,4425,13,4573,13,725,0,0,1404,1,4206,1404,814971
q2123,2,342,3,520,3,97,0,0,4205,1,193,4205,526311
q2155,3,726,5,1277,5,110,4,809,8913,1,545,8913,1246997
q2187,4,566,5,821,5,142,0,0,4768,1,404,4768,797357
q2219,2,393,3,647,3,95,0,0,6189,1,252,6189,774590
q2251,10,2269,11,2727,11,516,0,0,4903,1,2035,4903,3643648
q226,10,235739,12,300004,12,455,4,841,511410,1,235502,511620,293282163
q2283,11,1184,12,1523,12,720,0,0,3266,1,978,3266,1984318
q2315,2,425,3,759,3,102,0,0,7456,1,273,7456,938860
q2347,3,253,4,360,4,106,0,0,1669,1,101,1669,448164
q2379,5,381,6,552,6,212,0,0,2587,1,206,2587,649378
q2411,3,268,4,377,4,114,0,0,2180,1,124,2180,239603
q2443,3,298,4,472,4,127,0,0,2820,1,154,2820,747894
q2475,5,985,6,1574,6,215,0,0,9373,1,824,9373,2478821
q2507,3,618,4,1011,4,120,0,0,9150,1,465,9150,1005696
q2539,3,312,5,607,5,127,8,1444,1770,1,124,1770,459655
q2571,3,319,4,495,4,112,0,0,2794,1,166,2794,730357
q258,8,50931,8,76600,8,282,0,0,424512,1,50736,424512,206659370
q2603,10,410,12,568,12,523,4,840,1011,1,186,1011,405754
q2635,5,424,6,605,6,201,0,0,2853,1,246,2853,715861
q2667,3,309,4,443,4,137,0,0,2377,1,152,2377,362323
q2699,2,324,3,509,3,100,0,0,4205,1,173,4205,526311
q2731,2,511,3,903,3,83,0,0,9909,1,372,9909,1259807
q2763,4,438,5,654,5,171,0,0,3342,1,281,3342,1045977
q2795,3,242,5,320,5,104,4,842,1200,1,83,1200,179883
q2827,5,297,8,411,8,176,8,1658,1380,1,108,1380,295210
q2859,2,502,3,892,3,94,0,0,9580,1,350,9580,1217980
q2891,3,263,4,376,4,126,0,0,1785,1,114,1785,475983
q290,7,252,14,16379,141,2771,13191,2291702,276767,0,0,0,0
q2923,3,324,4,505,4,125,0,0,3276,1,179,3276,867464
q2955,3,301,4,428,4,142,0,0,2377,1,132,2377,362323
q2987,3,260,5,372,5,112,4,842,1741,1,93,1741,261023
q2,10,85508,12,152896,12,449,4,841,521928,1,85269,521928,299540190
q3019,3,276,5,398,5,112,4,838,1799,1,113,1799,269696
q3051,4,451,5,673,5,164,0,0,3342,1,284,3342,1045977
q3083,3,288,4,388,4,125,0,0,2026,1,139,2026,222675
q3115,12,5780,13,6618,13,662,0,0,9798,1,5534,9798,5014108
q3147,3,304,5,586,5,123,8,1444,1770,1,126,1770,459655
q3179,3,378,5,549,5,104,4,841,2724,1,209,2724,405642
q3211,2,611,3,962,3,96,0,0,8745,1,471,8745,793932
q322,10,90062,11,125007,11,467,0,0,521928,1,89841,521928,299540190
q3243,7,218,14,274,14,279,60,11997,1080,0,0,0,0
q3275,4,376,6,939,6,161,15,2915,1867,1,167,1867,589185
q3307,5,317,6,408,6,179,0,0,1232,1,160,1232,434577
q3339,1,113,2,466,18,249,1688,336566,1637,0,0,0,0
q3371,1,106,2,448,18,240,1724,345423,1673,0,0,0,0
q3403,2,438,3,697,3,91,0,0,6145,1,294,6145,797151
q3435,4,295,6,482,6,155,7,1409,1122,1,97,1122,351052
q3455,4,178,5,195,5,145,0,0,141,1,25,141,28367
q3487,9,307,10,324,10,426,0,0,126,1,133,126,38407
q34,10,77792,12,142869,12,433,4,841,521928,1,77559,521928,299540190
q3519,4,175,5,195,5,150,0,0,157,1,25,157,25423
q354,12,54200,12,76438,12,540,0,0,270136,1,53968,270136,241283462
q3551,10,1017,11,1042,11,511,0,0,180,1,830,180,64395
q3583,8,352,9,398,9,417,0,0,467,1,174,467,183836
q3615,4,186,5,202,5,203,0,0,109,1,22,109,32268
q3647,3,164,4,180,4,119,0,0,167,1,20,167,30055
q3679,6,256,7,301,7,252,0,0,526,1,92,526,169650
q3711,3,165,4,188,4,111,0,0,211,1,30,211,29837
q3743,12,3887,13,3918,13,675,0,0,252,1,3683,252,136540
q3775,6,237,8,264,8,277,7,1408,110,1,34,110,37707
q3807,9,347,10,362,10,538,0,0,111,1,159,111,33837
q3839,5,307,7,497,7,178,9,1608,977,1,102,977,245222
q386,10,84775,11,120417,11,498,0,0,521928,1,84553,521928,299540190
q3871,4,188,5,228,5,152,0,0,485,1,44,485,97657
q3903,4,210,5,256,5,166,0,0,649,1,56,649,104691
q3935,5,277,6,353,6,193,0,0,904,1,123,904,273430
q3967,5,230,8,280,8,187,8,1656,480,1,40,480,102670
q3999,4,221,5,271,5,160,0,0,658,1,72,658,187012
q4031,3,205,4,242,4,135,0,0,607,1,47,607,89649
q4063,3,170,4,196,4,115,0,0,277,1,23,277,61927
q4095,6,227,7,260,7,279,0,0,326,1,57,326,104348
q4127,3,168,4,189,4,126,0,0,234,1,23,234,25962
q4159,8,301,9,350,9,411,0,0,426,1,117,426,169804
q418,10,14801,12,28214,12,465,4,839,105774,1,14560,105774,61528107
q4191,3,233,4,289,4,121,0,0,998,1,91,998,109694
q4223,4,236,5,288,5,168,0,0,596,1,79,596,236613
q4255,4,203,5,232,5,153,0,0,331,1,51,331,94168
q4287,3,172,4,187,4,126,0,0,138,1,27,138,15294
q4319,12,3995,13,4033,13,634,0,0,278,1,3793,278,163896
q4351,5,275,6,346,6,194,0,0,904,1,112,904,273430
q4383,11,539,12,590,12,539,0,0,420,1,356,420,258627
q4415,2,157,3,192,3,86,0,0,367,1,28,367,47602
q4447,8,253,9,277,9,400,0,0,124,1,75,124,77511
q4479,4,180,5,198,5,154,0,0,198,1,29,198,31984
q450,5,25314,6,32259,6,168,0,0,128887,1,25131,128887,60595038
q4511,2,196,3,241,3,90,0,0,825,1,63,825,74820
q4543,6,204,7,223,7,234,0,0,127,1,47,127,41715
q4575,8,304,9,348,9,410,0,0,403,1,127,403,161872
q4607,8,293,9,337,9,361,0,0,383,1,120,383,233478
q4639,6,226,8,252,8,219,7,1408,110,1,29,110,37707
q4671,4,234,5,291,5,160,0,0,715,1,84,715,272345
q4703,4,203,5,241,5,142,0,0,331,1,60,331,94168
q4735,3,163,4,178,4,123,0,0,126,1,17,126,18722
q4767,3,162,4,177,4,118,0,0,126,1,20,126,18722
q4799,3,167,4,179,4,120,0,0,126,1,20,126,18722
q482,4,27860,4,34737,4,104,0,0,167266,1,27698,167266,39981413
q4831,3,158,4,172,4,115,0,0,126,1,17,126,18722
q4863,3,155,4,168,4,117,0,0,126,1,14,126,18722
q4895,3,160,4,180,4,120,0,0,126,1,18,126,18722
q4927,3,164,4,176,4,122,0,0,126,1,17,126,18722
q4947,2,183,4,197,5,111,85,17406,38,0,0,0,0
q4979,5,172,6,173,6,205,0,0,11,1,15,11,2428
q5011,1,99,2,102,2,61,4,937,1,0,0,0,0
q5043,5,192,6,193,6,228,0,0,14,1,13,14,3939
q5075,3,153,4,158,4,121,0,0,6,1,8,6,888
q5107,10,400,11,401,11,494,0,0,6,1,217,6,2531
q5139,7,264,8,266,8,334,0,0,12,1,98,12,6871
q514,4,29586,4,47750,4,111,0,0,454865,1,29421,454865,108958243
q5171,4,159,5,161,5,157,0,0,9,1,10,9,3153
q5203,2,130,4,131,4,77,8,1622,1,0,0,0,0
q5235,7,205,8,218,8,270,0,0,88,1,41,88,47150
q5267,8,246,9,252,9,391,0,0,52,1,64,52,23287
q5299,6,206,7,207,7,301,0,0,2,1,41,2,747
q5331,1,97,2,100,2,59,4,816,1,0,0,0,0
q5363,2,181,4,205,5,116,103,25292,47,0,0,0,0
q5395,7,285,14,286,14,315,129,27723,4,0,0,0,0
q5427,4,168,5,169,5,171,0,0,7,1,13,7,881
q542,12,14866,12,20743,12,677,0,0,64424,1,14610,64424,62901772
q5459,5,178,6,186,6,197,0,0,54,1,22,54,13796
q5491,5,177,6,178,6,210,0,0,3,1,13,3,1135
q5523,2,182,4,198,5,114,85,17412,38,0,0,0,0
q5555,6,381,18,382,18,427,263,60077,2,0,0,0,0
q5587,7,252,9,254,9,229,24,4645,14,1,35,14,4282
q5619,5,255,11,256,11,277,105,25592,3,0,0,0,0
q5651,3,191,8,192,8,164,92,21463,10,0,0,0,0
q5683,8,217,9,218,9,372,0,0,13,1,39,13,5345
q5715,6,423,20,424,20,472,320,72219,9,0,0,0,0
q5747,5,175,6,179,6,205,0,0,33,1,18,33,13719
q574,5,2850,6,4561,6,243,0,0,28378,1,2681,28378,7508340
q5779,10,466,11,468,11,576,0,0,11,1,268,11,4454
q5811,5,182,6,182,6,229,0,0,2,1,12,2,498
q5843,5,180,6,181,6,213,0,0,3,1,15,3,1077
q5875,5,181,6,182,6,246,0,0,18,1,13,18,3959
q5907,5,166,6,166,6,200,0,0,2,1,16,2,827
q5939,8,232,9,234,9,350,0,0,18,1,59,18,8205
q5971,2,136,3,138,3,89,0,0,26,1,8,26,3372
q6003,2,185,5,190,5,115,90,19822,31,0,0,0,0
q6035,3,159,4,161,4,122,0,0,20,1,17,20,3064
q6067,5,233,11,233,11,222,90,21384,1,0,0,0,0
q606,5,1121,7,2893,7,186,8,1513,10481,1,895,10481,3852399
q6099,10,1433,11,1439,11,571,0,0,18,1,1254,18,6478
q6131,8,257,9,259,9,403,0,0,15,1,74,15,8369
q6163,8,255,9,256,9,425,0,0,5,1,73,5,2140
q6195,5,188,10,189,10,178,21,4540,2,0,0,0,0
q6227,1,96,2,98,2,59,4,802,1,0,0,0,0
q6259,1,101,2,103,2,60,4,819,1,0,0,0,0
q6291,3,160,4,167,4,127,0,0,71,1,13,71,10554
q6323,1,96,2,101,2,59,4,846,1,0,0,0,0
q6355,1,96,2,101,2,60,4,846,1,0,0,0,0
q6387,1,103,2,105,2,61,4,846,1,0,0,0,0
q638,2,589,3,971,3,92,0,0,10195,1,441,10195,1296656
q6419,3,159,4,167,4,134,0,0,39,1,14,39,5799
q66,10,78748,12,102742,12,438,4,841,205025,1,78517,205025,81936680
q670,2,1014,3,1859,3,99,0,0,22370,1,865,22370,2816897
q702,3,2550,4,3473,4,115,0,0,22571,1,2400,22571,4113950
q734,3,900,5,1641,5,112,4,839,14024,1,718,14024,2088317
q766,3,2067,5,3934,5,103,4,809,35256,1,1893,35256,4932686
q798,3,878,5,1625,5,112,4,841,14024,1,703,14024,2088317
q830,3,927,4,1501,4,118,0,0,14181,1,766,14181,1558628
q862,3,2299,4,3233,4,105,0,0,22723,1,2140,22723,4141437
q894,5,2825,6,4475,6,217,0,0,28378,1,2665,28378,7508340
q926,3,1416,4,2377,4,107,0,0,23274,1,1256,23274,4242214
q958,2,939,3,1865,3,96,0,0,22370,1,792,22370,2816897
q98,10,66893,12,86450,12,451,4,839,168803,1,66655,168803,67389530
q990,3,1555,4,2527,4,109,0,0,23878,1,1399,23878,4353239
q1023,3,3696,4,5319,4,133,0,0,36665,1,3509,36665,6683208
q1055,3,1845,4,2577,4,117,0,0,16259,1,1692,16259,2974329
q1087,10,9076,12,12000,12,484,4,841,23457,1,8824,23457,9378927
q1119,5,1162,7,2907,7,198,7,1340,10860,1,946,10860,3977219
q1151,3,1281,4,2392,4,121,0,0,24535,1,1118,24535,4491542
q1183,7,3823,8,6390,8,338,0,0,38500,1,3623,38500,17030033
q1215,7,1387,12,25763,14,470,152,32874,35392,3,3752,35392,14295628
q1247,5,1325,5,2085,5,192,0,0,13143,1,1109,13143,3793562
q1279,6,4094,7,7024,7,218,0,0,48348,1,3913,48348,16919926
q1311,6,1892,7,2972,7,1217,0,0,17254,1,1509,17254,6028283
q131,8,138539,8,168056,8,293,0,0,439622,1,138341,439622,211313687
q1343,6,1274,10,24324,13,500,172,36754,32790,3,3278,32790,11473828
q1375,5,2248,5,3971,5,169,0,0,28313,1,2071,28313,8186067
q1407,6,1255,10,40055,12,350,120,24559,55355,3,7846,55355,19360318
q1439,6,3152,6,4656,6,224,0,0,24949,1,2957,24949,8586728
q1471,7,2962,8,4082,8,315,0,0,16151,1,2765,16151,6535255
q1503,6,1112,10,34516,12,461,120,24559,55355,3,3475,55355,19360318
q1535,7,1306,11,15718,13,400,132,28299,23579,3,2387,23579,9553303
q1567,6,7386,7,9500,7,239,0,0,34394,1,7204,34394,12032429
q1599,7,3332,8,4569,8,289,0,0,16451,1,3136,16451,6658680
q1631,6,1114,11,2778,11,271,136,32963,13353,1,779,13353,4576724
q163,8,46471,8,58590,8,314,0,0,160564,1,46249,160564,78843674
q1663,7,2543,12,38888,19,555,238,51016,48068,5,8579,48068,19461998
q1695,7,1690,12,12635,19,529,250,55584,19476,3,1772,19476,7847792
q1727,5,1086,10,16344,12,339,161,34813,24978,3,1661,24978,7260608
q1759,7,2610,11,27003,13,457,152,32054,38106,3,4868,38106,15407397
q1791,7,4705,8,6691,8,356,0,0,22282,1,4474,22282,9022139
q1823,5,5712,6,8392,6,166,0,0,43594,1,5533,43594,21062856
q1855,5,3028,7,25703,8,520,54,10063,34281,2,3205,34281,14695142
q1887,5,8648,6,11202,6,173,0,0,43594,1,8459,43594,21062856
q1919,5,3862,6,6366,6,178,0,0,43594,1,3676,43594,21062856
q1951,8,1682,9,2734,9,451,0,0,12486,1,1471,12486,3751695
q195,12,,,300102,12,629,0,0,0,1,0,0,0
q1964,6,402,8,667,8,250,10,1978,1005,1,176,1005,415990
q1996,5,1405,6,2048,6,266,0,0,9373,1,1223,9373,2478821
q2028,12,4291,13,4425,13,753,0,0,1071,1,4058,1071,550275
q2060,5,1150,6,1807,6,240,0,0,9373,1,973,9373,2478821
q2092,4,566,5,839,5,161,0,0,4768,1,389,4768,797357
q2124,5,435,6,611,6,202,0,0,2558,1,253,2558,641952
q2156,5,432,6,596,6,236,0,0,2440,1,244,2440,612773
q2188,3,591,5,932,5,120,4,839,5224,1,406,5224,777873
q2220,3,353,5,660,5,120,8,1441,1764,1,164,1764,460285
q2252,3,329,4,448,4,134,0,0,2026,1,168,2026,222675
q227,8,59995,8,73877,8,326,0,0,211989,1,59783,211989,98698257
q2284,5,999,6,1609,6,228,0,0,9373,1,830,9373,2478821
q2316,2,487,3,886,3,84,0,0,9694,1,339,9694,1232845
q2348,3,254,4,398,4,102,0,0,2038,1,112,2038,538209
q2380,3,279,4,415,4,118,0,0,2255,1,124,2255,595286
q2412,4,577,5,830,5,190,0,0,3342,1,410,3342,1045977
q2444,3,248,4,329,4,122,0,0,1399,1,101,1399,153773
q2476,12,5589,13,6006,13,697,0,0,4102,1,5351,4102,2270840
q2508,3,250,4,368,4,128,0,0,1785,1,97,1785,475983
q2540,5,377,6,555,6,211,0,0,2587,1,205,2587,649378
q2572,5,303,8,434,8,178,8,1655,1568,1,110,1568,333846
q259,10,,,300101,12,465,4,839,0,1,0,0,0
q2604,6,363,7,460,7,304,0,0,1091,1,185,1091,343126
q2636,5,476,6,645,6,190,0,0,2556,1,306,2556,641569
q2668,5,416,6,588,6,223,0,0,2558,1,233,2558,641952
q2700,4,395,5,562,5,174,0,0,2237,1,236,2237,699292
q2732,3,368,4,553,4,120,0,0,2816,1,212,2816,756493
q2764,3,326,4,461,4,119,0,0,2167,1,180,2167,554448
q2796,4,870,5,1322,5,184,0,0,6386,1,701,6386,1994876
q2828,3,342,5,527,5,120,4,841,2724,1,163,2724,405642
q2860,10,2830,11,3259,11,524,0,0,4305,1,2595,4305,3205116
q2892,4,375,5,534,5,166,0,0,2237,1,216,2237,699292
q291,12,120555,12,145199,12,591,0,0,243150,1,120318,243150,225070349
q2924,4,360,5,540,5,178,0,0,2237,1,190,2237,699292
q2956,4,428,5,655,5,173,0,0,3342,1,269,3342,1045977
q2988,10,2146,11,2574,11,519,0,0,3934,1,1919,3934,3175002
q3020,4,384,5,548,5,164,0,0,2237,1,220,2237,699292
q3052,4,467,5,697,5,188,0,0,3342,1,305,3342,1045977
q3084,3,301,4,413,4,155,0,0,1785,1,136,1785,475983
q3116,3,321,4,438,4,134,0,0,1868,1,162,1868,481941
q3148,4,448,5,696,5,164,0,0,3342,1,291,3342,1045977
q3180,3,350,4,522,4,114,0,0,3064,1,201,3064,812264
q3212,3,367,4,538,4,116,0,0,2984,1,219,2984,785691
q323,8,156262,8,186557,8,315,0,0,439622,1,156062,439622,211313687
q3244,7,519,8,694,8,291,0,0,1950,1,325,1950,1133730
q3276,2,394,3,661,3,98,0,0,6145,1,243,6145,797151
q3308,5,324,6,445,6,192,0,0,1402,1,151,1402,677246
q3340,2,306,3,497,3,92,0,0,3869,1,162,3869,501824
q3372,1,113,2,496,18,281,1738,346512,1687,0,0,0,0
q3404,2,310,3,509,3,94,0,0,3770,1,163,3770,489141
q3436,2,369,3,563,3,101,0,0,3986,1,220,3986,517122
q3456,5,307,6,380,6,199,0,0,904,1,147,904,273430
q3488,6,345,8,537,8,257,11,2165,673,1,132,673,276409
q3520,4,234,5,284,5,176,0,0,648,1,77,648,198342
q3552,5,250,6,310,6,240,0,0,603,1,82,603,265532
q355,10,79564,12,104052,12,440,4,841,205025,1,79322,205025,81936680
q3584,5,264,6,342,6,205,0,0,904,1,94,904,273430
q35,8,66094,8,100161,8,295,0,0,526007,1,65884,526007,237475286
q3616,10,384,12,480,12,449,4,842,513,1,156,513,205904
q3648,3,180,4,194,4,141,0,0,129,1,18,129,23197
q3680,4,200,5,223,5,171,0,0,246,1,39,246,40044
q3712,3,265,8,373,10,335,281,56663,122,0,0,0,0
q3744,6,266,7,305,7,383,0,0,309,1,72,309,96447
q3776,2,162,3,177,3,98,0,0,122,1,18,122,15667
q3808,4,219,5,240,5,178,0,0,223,1,55,223,68883
q3840,8,320,9,361,9,406,0,0,325,1,138,325,200434
q3872,10,977,11,1000,11,687,0,0,143,1,772,143,51250
q387,10,71613,12,93328,12,492,4,841,162162,1,71355,162162,93545574
q3904,6,307,8,409,8,248,12,2348,300,1,88,300,114307
q3936,3,180,4,207,4,129,0,0,210,1,26,210,47202
q3968,4,184,5,201,5,150,0,0,192,1,29,192,31055
q3,7,24215,8,38133,8,333,0,0,207798,1,24011,207798,110587260
q4000,6,219,7,237,7,263,0,0,150,1,51,150,50218
q4032,5,229,6,254,6,200,0,0,203,1,59,203,63585
q4064,8,533,10,574,10,369,13,2544,123,1,290,123,70440
q4096,4,255,5,307,5,165,0,0,766,1,98,766,127720
q4128,4,228,5,275,5,158,0,0,649,1,71,649,104691
q4160,6,293,7,357,7,255,0,0,707,1,123,707,223863
q4192,4,196,5,218,5,182,0,0,223,1,34,223,68883
q419,10,66803,12,139580,12,451,4,841,521928,1,66554,521928,299540190
q4224,3,207,5,238,5,122,8,1580,193,1,22,193,33811
q4256,5,214,6,231,6,196,0,0,135,1,56,135,50700
q4288,3,220,5,278,5,114,8,1581,363,1,33,363,63607
q4320,2,160,3,188,3,90,0,0,367,1,26,367,47602
q4352,3,210,5,276,5,118,7,1400,444,1,33,444,77715
q4384,5,237,6,276,6,209,0,0,374,1,67,374,116196
q4416,2,168,3,190,3,104,0,0,207,1,21,207,26611
q4448,4,244,5,303,5,196,0,0,695,1,77,695,260750
q4480,8,358,9,406,9,418,0,0,510,1,167,510,202097
q4512,4,195,5,221,5,148,0,0,187,1,29,187,30457
q451,5,10681,6,17850,6,183,0,0,128887,1,10486,128887,60595038
q4544,4,183,5,209,5,164,0,0,176,1,29,176,48013
q4576,3,199,4,229,4,135,0,0,400,1,44,400,59066
q4608,12,3938,13,3968,13,744,0,0,252,1,3718,252,136540
q4640,8,336,9,382,9,408,0,0,465,1,155,465,183920
q4672,12,4100,13,4173,13,684,0,0,647,1,3882,647,345939
q4704,6,265,7,310,7,351,0,0,461,1,82,461,145668
q4736,3,171,4,185,4,133,0,0,126,1,17,126,18722
q4768,3,167,4,183,4,122,0,0,126,1,20,126,18722
q4800,3,171,4,186,4,124,0,0,126,1,17,126,18722
q4832,3,167,4,185,4,120,0,0,126,1,19,126,18722
q483,4,90149,4,112908,4,118,0,0,528453,1,89971,528453,126590749
q4864,3,165,4,178,4,122,0,0,126,1,19,126,18722
q4896,3,168,4,186,4,125,0,0,126,1,19,126,18722
q4928,3,170,4,183,4,143,0,0,126,1,15,126,18722
q4948,1,105,2,107,2,63,4,804,1,0,0,0,0
q4980,3,164,4,165,4,122,0,0,5,1,18,5,743
q5012,4,168,5,170,5,171,0,0,10,1,9,10,3195
q5044,7,248,8,258,8,342,0,0,72,1,75,72,18462
q5076,5,174,6,175,6,212,0,0,3,1,17,3,1244
q5108,10,1330,11,1334,11,516,0,0,27,1,1136,27,9719
q5140,4,196,6,204,6,134,6,1118,49,1,20,49,13789
q515,4,24859,4,33905,4,111,0,0,174940,1,24695,174940,41920351
q5172,3,171,4,173,4,131,0,0,15,1,14,15,2214
q5204,4,316,8,318,8,228,53,10588,16,1,26,16,4737
q5236,9,273,10,276,10,482,0,0,23,1,75,23,14358
q5268,2,137,4,137,4,83,8,1611,1,0,0,0,0
q5300,7,361,9,391,9,304,32,6137,58,1,48,58,17781
q5332,5,186,6,188,6,198,0,0,25,1,17,25,6419
q5364,3,220,4,229,4,163,0,0,59,1,17,59,15278
q5396,3,220,4,227,4,172,0,0,42,1,17,42,6200
q5428,3,157,4,160,4,115,0,0,22,1,10,22,5857
q543,5,1189,7,3305,7,210,8,1514,11164,1,962,11164,4117102
q5460,1,111,2,113,2,67,4,804,1,0,0,0,0
q5492,2,146,4,147,4,96,12,2426,3,0,0,0,0
q5524,3,198,7,199,7,143,72,16774,8,0,0,0,0
q5556,3,205,7,206,7,153,71,16578,1,0,0,0,0
q5588,7,294,9,299,9,247,47,8970,17,1,41,17,5209
q5620,7,293,9,295,9,254,47,8970,17,1,32,17,5209
q5652,8,357,10,372,10,353,12,2348,51,1,114,51,25163
q5684,7,231,8,234,8,307,0,0,26,1,57,26,6648
q5716,6,513,18,514,18,495,292,66735,5,0,0,0,0
q5748,5,222,6,223,6,251,0,0,9,1,13,9,2850
q575,3,927,5,1925,5,110,4,809,16326,1,740,16326,2284171
q5780,3,163,4,164,4,143,0,0,1,1,11,1,149
q5812,3,187,7,188,7,135,64,14754,3,0,0,0,0
q5844,8,271,9,284,9,440,0,0,85,1,71,85,49636
q5876,5,184,6,186,6,204,0,0,9,1,13,9,2850
q5908,3,266,7,268,7,176,101,23331,4,0,0,0,0
q5940,9,319,10,329,10,977,0,0,65,1,65,65,35788
q5972,1,109,2,112,2,67,4,848,1,0,0,0,0
q6004,5,189,6,192,6,200,0,0,28,1,18,28,11134
q6036,4,209,5,209,5,175,0,0,1,1,44,1,146
q6068,4,211,5,212,5,178,0,0,1,1,42,1,146
q607,2,631,3,1067,3,88,0,0,10195,1,477,10195,1296656
q6100,4,163,5,164,5,146,0,0,14,1,13,14,4988
q6132,5,191,6,196,6,219,0,0,37,1,19,37,14425
q6164,5,188,6,189,6,237,0,0,4,1,12,4,1170
q6196,3,209,7,210,7,137,72,16409,4,0,0,0,0
q6228,1,107,2,111,2,64,4,844,1,0,0,0,0
q6260,1,111,2,114,2,68,4,955,1,0,0,0,0
q6292,1,105,2,109,2,66,4,846,1,0,0,0,0
q6324,1,111,2,117,2,70,4,802,1,0,0,0,0
q6356,1,108,2,111,2,66,4,765,1,0,0,0,0
q6388,2,143,4,144,4,86,9,2003,1,0,0,0,0
q639,5,2721,6,4565,6,243,0,0,28378,1,2527,28378,7508340
q6420,1,107,2,112,2,65,4,806,1,0,0,0,0
q671,2,940,3,1836,3,143,0,0,22370,1,745,22370,2816897
q67,12,157808,12,197218,12,594,0,0,391106,1,157391,391106,435973694
q703,5,886,7,2641,7,201,7,1339,10872,1,662,10872,4005072
q735,12,6973,13,8247,13,731,0,0,12989,1,6723,12989,6804055
q767,2,759,3,1691,3,104,0,0,22370,1,608,22370,2816897
q799,3,1010,4,2092,4,109,0,0,23442,1,849,23442,4273450
q831,3,1735,4,2680,4,114,0,0,18734,1,1580,18734,3423978
q863,3,995,4,2040,4,111,0,0,23127,1,835,23127,4215268
q895,3,1277,4,2323,4,121,0,0,22723,1,1113,22723,4141437
q927,3,999,4,2119,4,119,0,0,23442,1,836,23442,4273450
q959,2,405,3,823,3,86,0,0,10195,1,264,10195,1296656
q991,12,32525,12,41335,12,649,0,0,92924,1,32271,92924,73208568
q99,10,33238,11,41059,11,477,0,0,123513,1,33031,123513,49330261
